My Experience as a QA in Scrum - InfoQ,https://www.infoq.com/articles/experience-qa-scrum
"Quality assurance - Wikipedia, the free encyclopedia",https://en.wikipedia.org/wiki/Quality_assurance
What is quality assurance (QA)? - Definition from WhatIs.com,searchsoftwarequality.techtarget.com/definition/quality-assurance
The QA Role - What Is It Really? | ThoughtWorks,https://www.thoughtworks.com/insights/blog/qa-role-what-it-really
How to build a successful QA team - Characteristics of Great ...,www.softwaretestinghelp.com/how-to-build-a-successful-qa-team/
Quality Assurance Teams - GodelTech,godeltech.com/quality-assurance-teams
10 best practices to help QA teams deliver quality enterprise software,techbeacon.com/10-best-practices-qa-teams-deliver-quality-software-fast
9 Steps To Becoming a Great QA Lead - KMS Technology,www.kms-technology.com/.../9-steps-to-becoming-a-great-qa-lead.html
What is quality assurance (QA)? definition and meaning,www.businessdictionary.com/definition/quality-assurance-QA.html
QA - FedoraProject,https://fedoraproject.org/wiki/QA
My Experience as a QA in Scrum - InfoQ,https://www.infoq.com/articles/experience-qa-scrum
"Quality assurance - Wikipedia, the free encyclopedia",https://en.wikipedia.org/wiki/Quality_assurance
What is quality assurance (QA)? - Definition from WhatIs.com,searchsoftwarequality.techtarget.com/definition/quality-assurance
The QA Role - What Is It Really? | ThoughtWorks,https://www.thoughtworks.com/insights/blog/qa-role-what-it-really
How to build a successful QA team - Characteristics of Great ...,www.softwaretestinghelp.com/how-to-build-a-successful-qa-team/
Quality Assurance Teams - GodelTech,godeltech.com/quality-assurance-teams
10 best practices to help QA teams deliver quality enterprise software,techbeacon.com/10-best-practices-qa-teams-deliver-quality-software-fast
9 Steps To Becoming a Great QA Lead - KMS Technology,www.kms-technology.com/.../9-steps-to-becoming-a-great-qa-lead.html
What is quality assurance (QA)? definition and meaning,www.businessdictionary.com/definition/quality-assurance-QA.html
QA - FedoraProject,https://fedoraproject.org/wiki/QA
My Experience as a QA in Scrum - InfoQ,https://www.infoq.com/articles/experience-qa-scrum
,maps.google.co.in
Where Am I Right Now - Show Your Current Location on Google Maps,https://whereamirightnow.com/
Where Am I - See your Current Location on Google Maps - ctrlQ.org,https://ctrlq.org/maps/where/
Where Am I? - Android Apps on Google Play,https://play.google.com/store/apps/details?id=com...whereami&hl...
Where am I now? - Google,https://www.google.com/mymaps/viewer?mid...Q8&hl=en...
Where Am I At? on the App Store - iTunes - Apple,https://itunes.apple.com/in/app/where-am-i-at/id389894248?mt...
Where Am I Right Now? INSTANTLY Get Your Accurate Location,www.excell.to/
Where am I - My Location Finder - Map Developers,https://www.mapdevelopers.com/where-am-i.php
Where Am I?,https://www.lehigh.edu/~mhb0/Dennett-WhereAmI.pdf
WHERE AM I? - YouTube,https://www.youtube.com/watch?v=HrEBthwb-gs
Where am I? – Windows Apps on Microsoft Store,https://www.microsoft.com/.../where-am-i/9wzdncrfj43j
,maps.google.co.in
Where Am I Right Now - Show Your Current Location on Google Maps,https://whereamirightnow.com/
Where Am I - See your Current Location on Google Maps - ctrlQ.org,https://ctrlq.org/maps/where/
Where Am I? - Android Apps on Google Play,https://play.google.com/store/apps/details?id=com...whereami&hl...
Where am I now? - Google,https://www.google.com/mymaps/viewer?mid...Q8&hl=en...
Where Am I At? on the App Store - iTunes - Apple,https://itunes.apple.com/in/app/where-am-i-at/id389894248?mt...
Where Am I Right Now? INSTANTLY Get Your Accurate Location,www.excell.to/
Where am I - My Location Finder - Map Developers,https://www.mapdevelopers.com/where-am-i.php
Where Am I?,https://www.lehigh.edu/~mhb0/Dennett-WhereAmI.pdf
WHERE AM I? - YouTube,https://www.youtube.com/watch?v=HrEBthwb-gs
Where am I? – Windows Apps on Microsoft Store,https://www.microsoft.com/.../where-am-i/9wzdncrfj43j
Where am I - My Location - Google Maps GPS Coordinates,www.gps-coordinates.net/where-am-i
'Where Am I Now?' Mara Wilson Explains What Happened When ...,www.npr.org/.../where-am-i-now-mara-wilson-explains-what-happened- when-matilda-grew-up
Ipcim.com | Where am I?,https://ipcim.com/en/?p=where
Where Am I GIFs - Find & Share on GIPHY,giphy.com/search/where-am-i
Where am I? Mapping a New World - North Carolina Digital History,www.learnnc.org/lp/editions/nchist-twoworlds/3.2
Where Am I Eating? | Kelsey Timmerman,whereamiwearing.com/books/where-am-i-eating/
Where Am I? | New Ephs,new-ephs.williams.edu/ephventures/where-am-i/
Where am I? – The Redstone Shop,www.theredstoneshop.com/products/where-am-i
Where Am I In the Process,https://www.as.cmu.edu/application/display.html
Where am I,www.engin.umich.edu/~johannb/position.htm
,maps.google.co.in
Where Am I Right Now - Show Your Current Location on Google Maps,https://whereamirightnow.com/
Where Am I - See your Current Location on Google Maps - ctrlQ.org,https://ctrlq.org/maps/where/
Where Am I? - Android Apps on Google Play,https://play.google.com/store/apps/details?id=com...whereami&hl...
Where am I now? - Google,https://www.google.com/mymaps/viewer?mid...Q8&hl=en...
Where Am I At? on the App Store - iTunes - Apple,https://itunes.apple.com/in/app/where-am-i-at/id389894248?mt...
Where Am I Right Now? INSTANTLY Get Your Accurate Location,www.excell.to/
Where am I - My Location Finder - Map Developers,https://www.mapdevelopers.com/where-am-i.php
Where Am I?,https://www.lehigh.edu/~mhb0/Dennett-WhereAmI.pdf
WHERE AM I? - YouTube,https://www.youtube.com/watch?v=HrEBthwb-gs
Where am I? – Windows Apps on Microsoft Store,https://www.microsoft.com/.../where-am-i/9wzdncrfj43j
Where am I - My Location - Google Maps GPS Coordinates,www.gps-coordinates.net/where-am-i
'Where Am I Now?' Mara Wilson Explains What Happened When ...,www.npr.org/.../where-am-i-now-mara-wilson-explains-what-happened- when-matilda-grew-up
Ipcim.com | Where am I?,https://ipcim.com/en/?p=where
Where Am I GIFs - Find & Share on GIPHY,giphy.com/search/where-am-i
Where am I? Mapping a New World - North Carolina Digital History,www.learnnc.org/lp/editions/nchist-twoworlds/3.2
Where Am I Eating? | Kelsey Timmerman,whereamiwearing.com/books/where-am-i-eating/
Where Am I? | New Ephs,new-ephs.williams.edu/ephventures/where-am-i/
Where am I? – The Redstone Shop,www.theredstoneshop.com/products/where-am-i
Where Am I In the Process,https://www.as.cmu.edu/application/display.html
Where am I,www.engin.umich.edu/~johannb/position.htm
TESTCo: Offshore Software Testing | QA Outsourcing | Outsource ...,https://testco.com/
Software Testing & Quality Assurance Services | Outsourcing ...,https://testfort.com/
Who are the best outsourced QA testing providers? - Quora,https://www.quora.com/Who-are-the-best-outsourced-QA-testing-providers
Top 20 Software Testing Service Providers - Software Testing Help,www.softwaretestinghelp.com/software-testing-service-providers/
A1QA - Software Testing Company. Software Quality Assurance ...,www.a1qa.com/
Software Quality Assurance - Luxoft,www.luxoft.com/quality-assurance-software/
QualiTest: Quality Assurance & Software Testing Services,https://www.qualitestgroup.com/
Software Testing QA Outsourcing Company | Silicus | Offshore ...,www.silicus.com/software-testing-outsourcing-services/
Software QA & Testing Services - Belatrix Software,www.belatrixsf.com/services/software.../software-qa-and-testing/
QA InfoTech: Independent Offshore Software Testing Services,qainfotech.com/
Home - Among Top 10 companies globally for QA outsourcing,www.impactqa.in/
TestMatick: Software Testing Company | Software Testing Services,testmatick.com/
QA Mentor: Software Testing & Software Quality Assurance Expert ...,www.qamentor.com/
20 Leading Testing Providers 2015 - TEST Magazine,www.testingmagazine.com/20-leading-testing-providers-2015/
What is quality assurance (QA)? - Definition from WhatIs.com,searchsoftwarequality.techtarget.com/definition/quality-assurance
Plus QA,www.plusqa.com/
Software Testing Company – Offshore Software Testing with ...,qatestlab.com/
Kualitatem: Software Testing/QA Services Company,www.kualitatem.com/
Gallop Solutions: #1 Independent Software Testing & QA Company,www.gallop.net/
qa on request: Canada's leading software testing company,softwaretesting.ca/
